{
    "loss": 0.533049464225769,
    "accuracy": 0.9482758641242981
}